{
	"song": {
		"player1": "bf",
		"events": [],
		"gfVersion": "gf",
		"notes": [
			{
				"sectionNotes": [
					[
						0,
						1,
						0
					],
					[
						253.69978858351,
						2,
						0
					],
					[
						1014.79915433404,
						3,
						0
					],
					[
						1268.49894291755,
						1,
						0
					],
					[
						761.099365750528,
						1,
						0
					],
					[
						1479.91543340381,
						0,
						0
					],
					[
						1775.89852008457,
						3,
						126.849894291755
					],
					[
						507.399577167019,
						0,
						0
					],
					[
						507.399577167019,
						3,
						0
					],
					[
						1479.91543340381,
						2,
						0
					],
					[
						0,
						5,
						0
					],
					[
						253.69978858351,
						6,
						0
					],
					[
						1014.79915433404,
						7,
						0
					],
					[
						1268.49894291755,
						5,
						0
					],
					[
						761.099365750528,
						5,
						0
					],
					[
						1479.91543340381,
						4,
						0
					],
					[
						1775.89852008457,
						7,
						126.849894291755
					],
					[
						507.399577167019,
						4,
						0
					],
					[
						507.399577167019,
						7,
						0
					],
					[
						1479.91543340381,
						6,
						0
					]
				],
				"lengthInSteps": 16,
				"mustHitSection": false
			},
			{
				"sectionNotes": [
					[
						2283.29809725159,
						2,
						380.549682875264
					],
					[
						3551.79704016913,
						2,
						253.69978858351
					],
					[
						3340.38054968288,
						0,
						0
					],
					[
						2536.9978858351,
						0,
						0
					],
					[
						2536.9978858351,
						3,
						0
					],
					[
						3551.79704016913,
						1,
						0
					],
					[
						3551.79704016913,
						3,
						0
					],
					[
						2283.29809725159,
						6,
						380.549682875264
					],
					[
						3551.79704016913,
						6,
						253.69978858351
					],
					[
						3340.38054968288,
						4,
						0
					],
					[
						2536.9978858351,
						4,
						0
					],
					[
						2536.9978858351,
						7,
						0
					],
					[
						3551.79704016913,
						5,
						0
					],
					[
						3551.79704016913,
						7,
						0
					]
				],
				"lengthInSteps": 16,
				"mustHitSection": false
			},
			{
				"sectionNotes": [
					[
						4059.19661733615,
						1,
						253.69978858351
					],
					[
						4566.59619450317,
						2,
						0
					],
					[
						4566.59619450317,
						3,
						0
					],
					[
						4566.59619450317,
						0,
						0
					],
					[
						4862.57928118393,
						1,
						0
					],
					[
						5031.71247357294,
						2,
						126.849894291755
					],
					[
						5581.39534883721,
						3,
						126.849894291755
					],
					[
						5919.66173361522,
						2,
						126.849894291755
					],
					[
						5581.39534883721,
						1,
						0
					],
					[
						5581.39534883721,
						2,
						0
					],
					[
						5369.97885835095,
						0,
						0
					],
					[
						4059.19661733615,
						5,
						253.69978858351
					],
					[
						4566.59619450317,
						6,
						0
					],
					[
						4566.59619450317,
						7,
						0
					],
					[
						4566.59619450317,
						4,
						0
					],
					[
						4862.57928118393,
						5,
						0
					],
					[
						5031.71247357294,
						6,
						126.849894291755
					],
					[
						5581.39534883721,
						7,
						126.849894291755
					],
					[
						5919.66173361522,
						6,
						126.849894291755
					],
					[
						5581.39534883721,
						5,
						0
					],
					[
						5581.39534883721,
						6,
						0
					],
					[
						5369.97885835095,
						4,
						0
					]
				],
				"lengthInSteps": 16,
				"mustHitSection": false
			},
			{
				"sectionNotes": [
					[
						6342.49471458774,
						3,
						126.849894291755
					],
					[
						6596.19450317125,
						1,
						0
					],
					[
						6596.19450317125,
						0,
						0
					],
					[
						6596.19450317125,
						2,
						0
					],
					[
						7441.86046511628,
						1,
						0
					],
					[
						7653.27695560254,
						0,
						0
					],
					[
						7653.27695560254,
						2,
						253.69978858351
					],
					[
						7653.27695560254,
						3,
						0
					],
					[
						6342.49471458774,
						7,
						126.849894291755
					],
					[
						6596.19450317125,
						5,
						0
					],
					[
						6596.19450317125,
						4,
						0
					],
					[
						6596.19450317125,
						6,
						0
					],
					[
						7441.86046511628,
						5,
						0
					],
					[
						7653.27695560254,
						4,
						0
					],
					[
						7653.27695560254,
						6,
						253.69978858351
					],
					[
						7653.27695560254,
						7,
						0
					]
				],
				"lengthInSteps": 16,
				"mustHitSection": false
			},
			{
				"sectionNotes": [
					[
						8160.67653276956,
						3,
						253.69978858351
					],
					[
						8668.07610993658,
						1,
						253.69978858351
					],
					[
						8668.07610993658,
						0,
						0
					],
					[
						9175.47568710359,
						0,
						253.69978858351
					],
					[
						9725.15856236786,
						2,
						126.849894291755
					],
					[
						9725.15856236786,
						1,
						0
					],
					[
						8668.07610993658,
						2,
						0
					],
					[
						8160.67653276956,
						7,
						253.69978858351
					],
					[
						8668.07610993658,
						5,
						253.69978858351
					],
					[
						8668.07610993658,
						4,
						0
					],
					[
						9175.47568710359,
						4,
						253.69978858351
					],
					[
						9725.15856236786,
						6,
						126.849894291755
					],
					[
						9725.15856236786,
						5,
						0
					],
					[
						8668.07610993658,
						6,
						0
					]
				],
				"lengthInSteps": 16,
				"mustHitSection": false
			},
			{
				"sectionNotes": [
					[
						10232.5581395349,
						3,
						126.849894291755
					],
					[
						10486.2579281184,
						2,
						126.849894291755
					],
					[
						10739.9577167019,
						0,
						0
					],
					[
						10739.9577167019,
						1,
						0
					],
					[
						11035.9408033827,
						2,
						126.849894291755
					],
					[
						11543.3403805497,
						1,
						0
					],
					[
						11712.4735729387,
						2,
						0
					],
					[
						11712.4735729387,
						3,
						0
					],
					[
						12050.7399577167,
						0,
						0
					],
					[
						10232.5581395349,
						7,
						126.849894291755
					],
					[
						10486.2579281184,
						6,
						126.849894291755
					],
					[
						10739.9577167019,
						4,
						0
					],
					[
						10739.9577167019,
						5,
						0
					],
					[
						11035.9408033827,
						6,
						126.849894291755
					],
					[
						11543.3403805497,
						5,
						0
					],
					[
						11712.4735729387,
						6,
						0
					],
					[
						11712.4735729387,
						7,
						0
					],
					[
						12050.7399577167,
						4,
						0
					]
				],
				"lengthInSteps": 16,
				"mustHitSection": false
			},
			{
				"sectionNotes": [
					[
						12177.5898520085,
						2,
						0
					],
					[
						12431.289640592,
						3,
						126.849894291755
					],
					[
						12727.2727272727,
						0,
						0
					],
					[
						12727.2727272727,
						2,
						0
					],
					[
						13065.5391120507,
						1,
						0
					],
					[
						13276.955602537,
						3,
						126.849894291755
					],
					[
						13784.355179704,
						0,
						126.849894291755
					],
					[
						13784.355179704,
						2,
						126.849894291755
					],
					[
						12177.5898520085,
						6,
						0
					],
					[
						12431.289640592,
						7,
						126.849894291755
					],
					[
						12727.2727272727,
						4,
						0
					],
					[
						12727.2727272727,
						6,
						0
					],
					[
						13065.5391120507,
						5,
						0
					],
					[
						13276.955602537,
						7,
						126.849894291755
					],
					[
						13784.355179704,
						4,
						126.849894291755
					],
					[
						13784.355179704,
						6,
						126.849894291755
					]
				],
				"lengthInSteps": 16,